<?xml version="1.0" encoding="UTF-8" standalone="yes"?>
<addon id="plugin.video.tmdbtrailers" name="TMDB Trailers" version="1.0.0" provider-name="ptom">
	<requires>
		<import addon="script.module.audrey" />
	</requires>
	<extension point="xbmc.python.pluginsource" library="default.py">
		<provides>video</provides>
	</extension>
	<extension point="xbmc.addon.metadata">
		<summary lang="en">Watch trailers from TMDB</summary>
		<description>Watch the trailers for the latest Films and TV Shows</description>
		<platform>all</platform>
		<language>en</language>
		<email>ptom98@gmail.com</email>
	</extension>
</addon>