{
  "sites": [
    {
      "name": "Films",
      "poster": "special://home/addons/plugin.video.tmdbtrailers/icon-films.png",
      "fanart": "special://home/addons/plugin.video.tmdbtrailers/fanart.jpg",
      "search_url": "https://api.themoviedb.org/3/search/movie?api_key=cf680469681c3bfd3712ccee2354d840&language=en-US&query={%}&page=1&include_adult=false",
      "items": {
        "search": [
          {
            "pattern": "\"id\":{%},{*}\"title\"{*}\"{%}\"{*}\"poster_path\"{*}\"{%}\"{*}\"backdrop_path\"{*}\"{%}\"{*}\"overview\"{*}\"{%}\"",
            "name": "{%2}",
            "url": "https://api.themoviedb.org/3/tv/{%1}/videos?api_key=cf680469681c3bfd3712ccee2354d840&language=en-US",
            "plot": "{%5}",
            "poster": "https://image.tmdb.org/t/p/w300_and_h450_bestv2/{%3}",
            "fanart": "https://image.tmdb.org/t/p/w700_and_h392_bestv2/{%4}"
          },
          {
            "pattern": "\"key\":{*}\"{%}\"{*}\"name\":{*}\"{%}\",",
            "name": "{%2}",
            "url": "https://www.youtube.com/watch?v={%1}",
            "plot": "",
            "poster": "http://img.youtube.com/vi/{%1}/maxresdefault.jpg",
            "fanart": "http://img.youtube.com/vi/{%1}/maxresdefault.jpg"
          }
        ],
        "Upcoming": [
          {
            "site_url": "https://api.themoviedb.org/3/movie/upcoming?api_key=cf680469681c3bfd3712ccee2354d840&language=en-US&page=1",
            "pattern": "\"id\":{%},{*}\"title\"{*}\"{%}\"{*}\"poster_path\"{*}\"{%}\"{*}\"backdrop_path\"{*}\"{%}\"{*}\"overview\"{*}\"{%}\"",
            "name": "{%2}",
            "url": "https://api.themoviedb.org/3/movie/{%1}/videos?api_key=cf680469681c3bfd3712ccee2354d840&language=en-US",
            "plot": "{%5}",
            "poster": "https://image.tmdb.org/t/p/w300_and_h450_bestv2/{%3}",
            "fanart": "https://image.tmdb.org/t/p/w700_and_h392_bestv2/{%4}",
            "next_pattern": "\"page\":{%},{*}\"total_pages\":{%}}",
            "next_url": "{{print 'https://api.themoviedb.org/3/movie/upcoming?api_key=cf680469681c3bfd3712ccee2354d840&language=en-US&page='+str({%1}+1) if {%1} < {%2} else ''}}"
          },
          {
            "pattern": "\"key\":{*}\"{%}\"{*}\"name\":{*}\"{%}\",",
            "name": "{%2}",
            "url": "https://www.youtube.com/watch?v={%1}",
            "plot": "",
            "poster": "http://img.youtube.com/vi/{%1}/maxresdefault.jpg",
            "fanart": "http://img.youtube.com/vi/{%1}/maxresdefault.jpg"
          }
        ],
        "Popular": [
          {
            "site_url": "https://api.themoviedb.org/3/movie/popular?api_key=cf680469681c3bfd3712ccee2354d840&language=en-US&page=1",
            "pattern": "\"id\":{%},{*}\"title\"{*}\"{%}\"{*}\"poster_path\"{*}\"{%}\"{*}\"backdrop_path\"{*}\"{%}\"{*}\"overview\"{*}\"{%}\"",
            "name": "{%2}",
            "url": "https://api.themoviedb.org/3/movie/{%1}/videos?api_key=cf680469681c3bfd3712ccee2354d840&language=en-US",
            "plot": "{%5}",
            "poster": "https://image.tmdb.org/t/p/w300_and_h450_bestv2/{%3}",
            "fanart": "https://image.tmdb.org/t/p/w700_and_h392_bestv2/{%4}",
            "next_pattern": "\"page\":{%},{*}\"total_pages\":{%},",
            "next_url": "{{print 'https://api.themoviedb.org/3/movie/popular?api_key=cf680469681c3bfd3712ccee2354d840&language=en-US&page='+str({%1}+1) if {%1} < {%2} else ''}}"
          },
          {
            "pattern": "\"key\":{*}\"{%}\"{*}\"name\":{*}\"{%}\",",
            "name": "{%2}",
            "url": "https://www.youtube.com/watch?v={%1}",
            "plot": "",
            "poster": "http://img.youtube.com/vi/{%1}/maxresdefault.jpg",
            "fanart": "http://img.youtube.com/vi/{%1}/maxresdefault.jpg"
          }
        ]
      }
    },
    {
      "name": "TV Shows",
      "poster": "special://home/addons/plugin.video.tmdbtrailers/icon-shows.png",
      "fanart": "special://home/addons/plugin.video.tmdbtrailers/fanart.jpg",
      "search_url": "https://api.themoviedb.org/3/search/tv?api_key=cf680469681c3bfd3712ccee2354d840&language=en-US&query={%}&page=1",
      "items": {
        "search": [
          {
            "pattern": "\"id\":{%},{*}\"name\"{*}\"{%}\"{*}\"poster_path\"{*}\"{%}\"{*}\"backdrop_path\"{*}\"{%}\"{*}\"overview\":\"{%}\"",
            "name": "{%2}",
            "url": "https://api.themoviedb.org/3/tv/{%1}/videos?api_key=cf680469681c3bfd3712ccee2354d840&language=en-US",
            "plot": "{%5}",
            "poster": "https://image.tmdb.org/t/p/w300_and_h450_bestv2/{%3}",
            "fanart": "https://image.tmdb.org/t/p/w700_and_h392_bestv2/{%4}"
          },
          {
            "pattern": "\"key\":{*}\"{%}\"{*}\"name\":{*}\"{%}\",",
            "name": "{%2}",
            "url": "https://www.youtube.com/watch?v={%1}",
            "plot": "",
            "poster": "http://img.youtube.com/vi/{%1}/maxresdefault.jpg",
            "fanart": "http://img.youtube.com/vi/{%1}/maxresdefault.jpg"
          }
        ],
        "Top Rated": [
          {
            "site_url": "https://api.themoviedb.org/3/tv/top_rated?api_key=cf680469681c3bfd3712ccee2354d840&language=en-US&page=1",
            "pattern": "\"name\"{*}\"{%}\"{*}\"backdrop_path\"{*}\"{%}\"{*}\"id\":{%},{*}\"overview\"{*}\"{%}\"{*}\"poster_path\"{*}\"{%}\"",
            "name": "{%1}",
            "url": "https://api.themoviedb.org/3/tv/{%3}/videos?api_key=cf680469681c3bfd3712ccee2354d840&language=en-US",
            "plot": "{%4}",
            "poster": "https://image.tmdb.org/t/p/w300_and_h450_bestv2/{%5}",
            "fanart": "https://image.tmdb.org/t/p/w700_and_h392_bestv2/{%2}",
            "next_pattern": "\"page\":{%},{*}\"total_pages\":{%},",
            "next_url": "{{print 'https://api.themoviedb.org/3/tv/top_rated?api_key=cf680469681c3bfd3712ccee2354d840&language=en-US&page='+str({%1}+1) if {%1} < {%2} else ''}}"
          },
          {
            "pattern": "\"key\":{*}\"{%}\"{*}\"name\":{*}\"{%}\",",
            "name": "{%2}",
            "url": "https://www.youtube.com/watch?v={%1}",
            "plot": "",
            "poster": "http://img.youtube.com/vi/{%1}/maxresdefault.jpg",
            "fanart": "http://img.youtube.com/vi/{%1}/maxresdefault.jpg"
          }
        ],
        "Popular": [
          {
            "site_url": "https://api.themoviedb.org/3/tv/popular?api_key=cf680469681c3bfd3712ccee2354d840&language=en-US&page=1",
            "pattern": "\"name\"{*}\"{%}\"{*}\"backdrop_path\"{*}\"{%}\"{*}\"id\":{%},{*}\"overview\"{*}\"{%}\"{*}\"poster_path\"{*}\"{%}\"",
            "name": "{%1}",
            "url": "https://api.themoviedb.org/3/tv/{%3}/videos?api_key=cf680469681c3bfd3712ccee2354d840&language=en-US",
            "plot": "{%4}",
            "poster": "https://image.tmdb.org/t/p/w300_and_h450_bestv2/{%5}",
            "fanart": "https://image.tmdb.org/t/p/w700_and_h392_bestv2/{%2}",
            "next_pattern": "\"page\":{%},{*}\"total_pages\":{%},",
            "next_url": "{{print 'https://api.themoviedb.org/3/tv/popular?api_key=cf680469681c3bfd3712ccee2354d840&language=en-US&page='+str({%1}+1) if {%1} < {%2} else ''}}"
          },
          {
            "pattern": "\"key\":{*}\"{%}\"{*}\"name\":{*}\"{%}\",",
            "name": "{%2}",
            "url": "https://www.youtube.com/watch?v={%1}",
            "plot": "",
            "poster": "http://img.youtube.com/vi/{%1}/maxresdefault.jpg",
            "fanart": "http://img.youtube.com/vi/{%1}/maxresdefault.jpg"
          }
        ]
      }
    }
  ]
}