<?xml version="1.0" encoding="UTF-8" standalone="yes"?>
<addon id="script.module.audrey" name="Audrey" version="1.1.6" provider-name="ptom">
	<requires>
        <import addon="script.module.urlresolver" />
        <import addon="script.module.resolveurl" />
        <import addon="script.module.requests" />
        <import addon="plugin.video.youtube" />
    </requires>
    <extension point="xbmc.python.module" library="lib" />
    <extension point="xbmc.addon.metadata">
        <platform>all</platform>
        <summary lang="en">Audrey - JSON file to Addon</summary>
        <description lang="en">Audrey takes a JSON feed (stored locally or online) and from this builds a Kodi addon</description>
        <disclaimer lang="en"></disclaimer>
        <language>en</language>
        <license>GNU GPL v.3</license>
        <forum>https://www.tvaddons.co/forums</forum>
		<website>https://www.tvaddons.co</website>
		<source>https://github.com/tvaddonsco/script.module.audrey</source>
    </extension>
</addon>