<?xml version="1.0" encoding="UTF-8" standalone="yes"?>
<addon id="plugin.video.likuoo" name="Likuoo" version="1.0.0" provider-name="ptom">
	<requires>
		<import addon="script.module.audrey" version="1.1.4" />
	</requires>
	<extension point="xbmc.python.pluginsource" library="default.py">
		<provides>video</provides>
	</extension>
	<extension point="xbmc.addon.metadata">
		<summary lang="en">Pulling all the best porn from likuoo.com</summary>
		<description>Pulling all the best porn from likuoo.com</description>
		<platform>all</platform>
		<language>en</language>
		<email>ptom98@gmail.com</email>
	</extension>
</addon>