<?xml version="1.0" encoding="UTF-8" standalone="yes"?>
<addon id="plugin.video.sledgehammer" name="Sledgehammer" version="0.4" provider-name="ptom">
	<extension point="xbmc.python.pluginsource" library="default.py">
		<provides>video</provides>
		<import addon="script.module.beautifulsoup4" version="4.3.2"/> 
	</extension>
	<extension point="xbmc.addon.metadata">
		<summary lang="en">Sledgehammer</summary>
		<description lang="en">I want to be your sledgehammer, why don't you call my name</description>
		<platform>all</platform>
		<language>en</language>
		<email>ptom98@gmail.com</email>
	</extension>
</addon>
