<?xml version="1.0" encoding="UTF-8" standalone="yes"?>
<addon id="plugin.video.funnyordie" name="Funny or Die" version="1.0.2" provider-name="ptom">
	<requires>
		<import addon="script.module.audrey" />
	</requires>
	<extension point="xbmc.python.pluginsource" library="default.py">
		<provides>video</provides>
	</extension>
	<extension point="xbmc.addon.metadata">
		<summary lang="en">Watch content from Funny or Die</summary>
		<description>Watch content from Funny or Die</description>
		<platform>all</platform>
		<language>en</language>
		<email>ptom98@gmail.com</email>
	</extension>
</addon>