{
  "sites": [
    {
      "name": "Funny or Die",
      "poster": "https://upload.wikimedia.org/wikipedia/commons/f/fc/Funny_or_Die_logo.png",
      "fanart": "http://i.vimeocdn.com/video/476579250_1280x720.jpg",
      "search_url": "http://www.funnyordie.com/search/a/videos?query={%}&sort=relevance",
      "items": {
        "Search": [
          {
            "site_url": "http://www.funnyordie.com/browse/videos/all/originals/most_recent/all_time",
            "global": "<section class=\"js-infinite-container \">{%}</section>",
            "pattern": "<article{*}a title=\"{%}\"{*}href=\"{%}\"{*}data-src=\"{%}\"{*}</article>",
            "name": "{%1}",
            "url": "http://www.funnyordie.com{%2}",
            "poster": "{%3}",
            "fanart": "{%3}",
            "next_pattern": "rel=\"next\" href=\"{%}\">More</a>",
            "next_url": "http://www.funnyordie.com{%1}",
            "play_media": "2"
          }
        ],
        "Latest": [
          {
            "site_url": "http://www.funnyordie.com/browse/videos/all/originals/most_recent/all_time",
            "global": "<section class=\"js-infinite-container \">{%}</section>",
            "pattern": "<article{*}a title=\"{%}\"{*}href=\"{%}\"{*}data-src=\"{%}\"{*}</article>",
            "name": "{%1}",
            "url": "http://www.funnyordie.com{%2}",
            "poster": "{%3}",
            "fanart": "{%3}",
            "next_pattern": "rel=\"next\" href=\"{%}\">More</a>",
            "next_url": "http://www.funnyordie.com{%1}",
            "play_media": "2"
          }
        ],
        "Trending": [
          {
            "site_url": "http://www.funnyordie.com/browse/all/all/all/most_buzz/this_week",
            "pattern": "<article{*}a title=\"{%}\"{*}href=\"{%}\"{*}data-src=\"{%}\"{*}</article>",
            "name": "{%1}",
            "url": "http://www.funnyordie.com{%2}",
            "poster": "{%3}",
            "fanart": "{%3}",
            "next_pattern": "rel=\"next\" href=\"{%}\">More</a>",
            "next_url": "http://www.funnyordie.com{%1}",
            "play_media": "2"
          }
        ],
        "Hall of Fame": [
          {
            "site_url": "http://www.funnyordie.com/hof",
            "pattern": "<article{*}a title=\"{%}\"{*}href=\"{%}\"{*}data-src=\"{%}\"{*}</article>",
            "name": "{%1}",
            "url": "http://www.funnyordie.com{%2}",
            "poster": "{%3}",
            "fanart": "{%3}",
            "next_pattern": "rel=\"next\" href=\"{%}\">More</a>",
            "next_url": "http://www.funnyordie.com{%1}",
            "play_media": "2"
          }
        ],
        "The Feed": [
          {
            "site_url": "http://www.funnyordie.com/thefeed",
            "global": "<div id=\"video-feed-content\">{%}</section>",
            "pattern": "<article class=\"video-sample\"{*}poster=\"{%}\"{*}\"title\":\"{%}\"{*}\"playerPage\":\"{%}\"{*}</article>",
            "name": "{%2}",
            "url": "{%3}",
            "poster": "{%1}",
            "fanart": "{%1}",
            "next_pattern": "<a rel=\"next\" href=\"{%}\">",
            "next_url": "http://www.funnyordie.com{%1}",
            "play_media": "2"
          }
        ],
        "Channels": [
          {
            "site_url": "http://www.funnyordie.com/celebrities",
            "pattern": "<div class=\"celebrity\"{*}<a title=\"{%}\" href=\"{%}\"{*}data-src=\"{%}\"",
            "name": "{%1}",
            "url": "http://www.funnyordie.com{%2}",
            "poster": "{%3}",
            "fanart": "{%3}",
            "next_pattern": "<link rel=\"next\" href=\"{%}\" />",
            "next_url": "http://www.funnyordie.com{%1}"
          },
          {
            "pattern": "<article{*}a title=\"{%}\"{*}href=\"{%}\"{*}data-src=\"{%}\"{*}</article>",
            "name": "{%1}",
            "url": "http://www.funnyordie.com{%2}",
            "poster": "{%3}",
            "fanart": "{%3}",
            "next_pattern": "rel=\"next\" href=\"{%}\">More</a>",
            "next_url": "http://www.funnyordie.com{%1}",
            "play_media": "2"
          }
        ]
      }
    }
  ]
}