<?xml version="1.0" encoding="UTF-8" standalone="yes"?>
<addon id="plugin.video.soggysandwich" name="Soggysandwich" version="0.5" provider-name="ptom">
    <requires>
        <import addon="script.module.requests" version="2.3.0"/>
        <import addon="script.module.requests-cache"/>
    </requires>
	<extension point="xbmc.python.pluginsource" library="default.py">
		<provides>video</provides>
	</extension>
	<extension point="xbmc.addon.metadata">
		<summary lang="en">Soggysandwich</summary>
		<description lang="en">Unofficial Crunchyroll addon. Watch Anime and Asian Dramas in HD with no ads WITHOUT having a Premium account.</description>
        <news>Soggysandwich v0.5 (3rd August 2018)
        - Series split into seasons where nessecary</news> 
        <website>http://www.ptom.co.uk</website>
		<platform>all</platform>
		<language>en</language>
		<email>ptom98@gmail.com</email>
        <assets>
            <icon>icon.png</icon>
            <fanart>fanart.jpg</fanart>
            <screenshot>resources/screenshot-01.jpg</screenshot>
            <screenshot>resources/screenshot-02.jpg</screenshot>
            <screenshot>resources/screenshot-03.jpg</screenshot>
            <screenshot>resources/screenshot-04.jpg</screenshot>
        </assets>
	</extension>
</addon>
