{
    "folders" : [
        {
            "name" : "Vevo",
            "poster": "http://routenote.com/blog/wp-content/uploads/2015/12/original-1280x720.jpg",
            "fanart": "http://routenote.com/blog/wp-content/uploads/2015/12/original-1280x720.jpg"
        },
        {
            "name" : "Troma",
            "poster": "https://pbs.twimg.com/profile_images/535166662937292800/Fd-cvTc2_400x400.png",
            "fanart": "https://pbs.twimg.com/profile_banners/47976162/1416428529/1500x500",
            "url": "https://www.jasonbase.com/things/PdZm.json"
        }
        ,
        {
            "name" : "Funny or Die",
            "poster": "https://upload.wikimedia.org/wikipedia/commons/f/fc/Funny_or_Die_logo.png",
            "fanart": "http://i.vimeocdn.com/video/476579250_1280x720.jpg",
            "url": "https://www.jasonbase.com/things/B1W3.json"
        }
    ],
    "sites" : [
        {
            "name" : "Dust",
            "poster" : "https://yt3.ggpht.com/a-/AK162_4GR9kZvT7T4HGKzUNUgAA_vxmUDMKdEBa9rQ=s900-mo-c-c0xffffffff-rj-k-no",
            "fanart" : "http://watchdust.com/wp-content/uploads/2017/04/Dust_Header_image.png",
            "items" : {
                "Latest": [
                    {
                        "site_url" : "http://watchdust.com/video/",
                        "pattern" : "<article class={*}portfolio-category-video{*}src=\"{%}\"{*}<h4{*}>{%}</h4>{*}href=\"{%}\"{*}</article>",
                        "name" : "{%2}",
                        "url" : "{%3}",
                        "poster" : "{%1}",
                        "fanart" : "{%1}"
                    }
                ]
            }
        },
        {
            "name": "Top Video Charts",
            "folder": "Vevo",
            "poster": "http://routenote.com/blog/wp-content/uploads/2015/12/original-1280x720.jpg",
            "fanart": "http://routenote.com/blog/wp-content/uploads/2015/12/original-1280x720.jpg",
            "items": {
                "Top 10 Country Videos": [
                    {
                        "site_url": "https://www.youtube.com/playlist?list=PL9tY0BWXOZFu712crop5LYYzvxm_aY4Yi",
                        "pattern": "data-title=\"{%}\"{*}<a href=\"{%}\"{*}data-thumb=\"{%}\"",
                        "name": "{%1}",
                        "url": "http://youtube.com{%2}",
                        "poster": "{%3}",
                        "fanart": "{%3}"
                    }
                ],
                "Top 10 Rock Videos": [
                    {
                        "site_url": "https://www.youtube.com/playlist?list=PL9tY0BWXOZFuvha_x5OEnmpYpfK-AtuTp",
                        "pattern": "data-title=\"{%}\"{*}<a href=\"{%}\"{*}data-thumb=\"{%}\"",
                        "name": "{%1}",
                        "url": "http://youtube.com{%2}",
                        "poster": "{%3}",
                        "fanart": "{%3}"
                    }
                ],
                "Top 10 Metal Videos": [
                    {
                        "site_url": "https://www.youtube.com/playlist?list=PL9tY0BWXOZFunVZhgJ9IREhr73C2amsLz",
                        "pattern": "data-title=\"{%}\"{*}<a href=\"{%}\"{*}data-thumb=\"{%}\"",
                        "name": "{%1}",
                        "url": "http://youtube.com{%2}",
                        "poster": "{%3}",
                        "fanart": "{%3}"
                    }
                ],
                "Top 10 Hip-Hop Videos": [
                    {
                        "site_url": "https://www.youtube.com/playlist?list=PL9tY0BWXOZFs8J2ySTyV8aW9ZDwT-f2KE",
                        "pattern": "data-title=\"{%}\"{*}<a href=\"{%}\"{*}data-thumb=\"{%}\"",
                        "name": "{%1}",
                        "url": "http://youtube.com{%2}",
                        "poster": "{%3}",
                        "fanart": "{%3}"
                    }
                ],
                "Top 10 Latin Videos": [
                    {
                        "site_url": "https://www.youtube.com/playlist?list=PL9tY0BWXOZFuz1RSdd0ua9EHdQSJecALm",
                        "pattern": "data-title=\"{%}\"{*}<a href=\"{%}\"{*}data-thumb=\"{%}\"",
                        "name": "{%1}",
                        "url": "http://youtube.com{%2}",
                        "poster": "{%3}",
                        "fanart": "{%3}"
                    }
                ],
                "Top 10 Indie Videos": [
                    {
                        "site_url": "https://www.youtube.com/playlist?list=PL9tY0BWXOZFtJHsp-bsHZH3jxLa08rDya",
                        "pattern": "data-title=\"{%}\"{*}<a href=\"{%}\"{*}data-thumb=\"{%}\"",
                        "name": "{%1}",
                        "url": "http://youtube.com{%2}",
                        "poster": "{%3}",
                        "fanart": "{%3}"
                    }
                ],
                "Top 10 Pop Videos": [
                    {
                        "site_url": "https://www.youtube.com/playlist?list=PL9tY0BWXOZFv8JKRhQtU4elLD73E3kvvo",
                        "pattern": "data-title=\"{%}\"{*}<a href=\"{%}\"{*}data-thumb=\"{%}\"",
                        "name": "{%1}",
                        "url": "http://youtube.com{%2}",
                        "poster": "{%3}",
                        "fanart": "{%3}"
                    }
                ],
                "Top 10 R&B Videos": [
                    {
                        "site_url": "https://www.youtube.com/watch?v=QdnvoWyoiY0&list=PL9tY0BWXOZFuJMY7OjmKmhtOEcegCY6C6",
                        "pattern": "data-title=\"{%}\"{*}<a href=\"{%}\"{*}data-thumb=\"{%}\"",
                        "name": "{%1}",
                        "url": "http://youtube.com{%2}",
                        "poster": "{%3}",
                        "fanart": "{%3}"
                    }
                ],
                "Top 10 Alternative Videos": [
                    {
                        "site_url": "https://www.youtube.com/playlist?list=PL9tY0BWXOZFvHFiFhJhaqyRAHkX7ewSRk",
                        "pattern": "data-title=\"{%}\"{*}<a href=\"{%}\"{*}data-thumb=\"{%}\"",
                        "name": "{%1}",
                        "url": "http://youtube.com{%2}",
                        "poster": "{%3}",
                        "fanart": "{%3}"
                    }
                ],
                "Top 10 EDM Videos": [
                    {
                        "site_url": "https://www.youtube.com/playlist?list=PL9tY0BWXOZFuVbKK_q7An7AGK_sBovNbm",
                        "pattern": "data-title=\"{%}\"{*}<a href=\"{%}\"{*}data-thumb=\"{%}\"",
                        "name": "{%1}",
                        "url": "http://youtube.com{%2}",
                        "poster": "{%3}",
                        "fanart": "{%3}"
                    }
                ]
            }
        },
        {
            "name": "New Videos By Genre",
            "folder": "Vevo",
            "poster": "http://routenote.com/blog/wp-content/uploads/2015/12/original-1280x720.jpg",
            "fanart": "http://routenote.com/blog/wp-content/uploads/2015/12/original-1280x720.jpg",
            "items": {
                "Brand New Pop": [
                    {
                        "site_url": "https://www.youtube.com/playlist?list=PL9tY0BWXOZFt2TyOofWG0XwA8IDC8SGIN",
                        "pattern": "data-title=\"{%}\"{*}<a href=\"{%}\"{*}data-thumb=\"{%}\"",
                        "name": "{%1}",
                        "url": "http://youtube.com{%2}",
                        "poster": "{%3}",
                        "fanart": "{%3}"
                    }
                ],
                "Hot New HipHop": [
                    {
                        "site_url": "https://www.youtube.com/playlist?list=PL9tY0BWXOZFv-V7FvZP-PWuE-1x2Deqqe",
                        "pattern": "data-title=\"{%}\"{*}<a href=\"{%}\"{*}data-thumb=\"{%}\"",
                        "name": "{%1}",
                        "url": "http://youtube.com{%2}",
                        "poster": "{%3}",
                        "fanart": "{%3}"
                    }
                ],
                "All New Alternative": [
                    {
                        "site_url": "https://www.youtube.com/playlist?list=PL9tY0BWXOZFsez6cjXAxHTruW0jteUHQk",
                        "pattern": "data-title=\"{%}\"{*}<a href=\"{%}\"{*}data-thumb=\"{%}\"",
                        "name": "{%1}",
                        "url": "http://youtube.com{%2}",
                        "poster": "{%3}",
                        "fanart": "{%3}"
                    }
                ]
            }
        }
    ]
}