<?xml version="1.0" encoding="UTF-8" standalone="yes"?>
<addon id="plugin.audio.jpplay" name="JP Play" version="0.3" provider-name="ptom">
	<extension point="xbmc.python.pluginsource" library="default.py">
		<provides>audio</provides>
	</extension>
	<extension point="xbmc.addon.metadata">
		<summary lang="en">Japaense popular music streamer, pulling music from jpsync.com</summary>
		<description lang="en">Japaense popular music streamer, pulling music from jpsync.com.</description>
        <website>http://www.ptom.co.uk</website>
		<platform>all</platform>
		<language>en</language>
		<email>ptom98@gmail.com</email>
	</extension>
</addon>
