<?xml version="1.0" encoding="UTF-8" standalone="yes"?>
<addon id="plugin.video.idolonline" name="Idol Online RD" version="0.1" provider-name="ptom">
	<requires>
        <import addon="script.module.requests" version="2.3.0"/>
		<import addon="script.realdebrid" version="0.31" />
    </requires>
    <extension point="xbmc.python.pluginsource" library="default.py">
		<provides>video</provides>
	</extension>
	<extension point="xbmc.addon.metadata">
		<summary lang="en">Watch JPop Idol videos. A premium RealDebrid account is required</summary>
        <website>http://www.ptom.co.uk</website>
		<platform>all</platform>
		<language>en</language>
		<email>ptom98@gmail.com</email>
	</extension>
</addon>
