<?xml version="1.0" encoding="UTF-8" standalone="yes"?>
<addon id="plugin.video.audreydemo" name="Audrey Demo" version="1.0.1" provider-name="ptom">
	<requires>
        <import addon="script.module.audrey" />
    </requires>
    <extension point="xbmc.python.pluginsource" library="default.py">
		<provides>video</provides>
	</extension>
    <extension point="xbmc.python.module" library="lib" />
	<extension point="xbmc.addon.metadata">
		<summary lang="en">Demo Addon showing how to use the Audrey script addon.</summary>
		<platform>all</platform>
		<language>en</language>
	</extension>
</addon>
