{
    "folders" : [
        {
            "name" : "Comedy",
            "poster" : "",
            "fanart" : ""
        },
        {
            "name" : "SciFi/Horror",
            "poster" : "",
            "fanart" : ""
        }
    ],
    "sites" : [
        {
            "name" : "Absolutely Fine",
            "folder" : "Comedy",
            "poster" : "http://www.comedycentral.co.uk/sites/default/files/styles/image-w-1200-h-600-scale-crop/public/cc_uk/arc/2017/04/10/b944cfa5-a81b-4b86-b9dd-461a5b52a7ba.png?itok=6xIFaM6t",
            "fanart" : "http://www.comedycentral.co.uk/sites/default/files/styles/image-w-1200-h-600-scale-crop/public/cc_uk/arc/2017/04/10/b944cfa5-a81b-4b86-b9dd-461a5b52a7ba.png?itok=6xIFaM6t",
            "items" : {
                "Latest" :[
                    {
                        "site_url" : "https://www.comedy.co.uk/online/absolutely_fine/episodes/all/",
                        "pattern" : "<h3><a href=\"{%}\">S{%}</a></h3>",
                        "name" : "S{%2}",
                        "url" : "https://www.comedy.co.uk/{%1}",
                        "poster" : "http://www.comedycentral.co.uk/sites/default/files/styles/image-w-1200-h-600-scale-crop/public/cc_uk/arc/2017/04/10/b944cfa5-a81b-4b86-b9dd-461a5b52a7ba.png?itok=6xIFaM6t",
                        "fanart" : "http://www.comedycentral.co.uk/sites/default/files/styles/image-w-1200-h-600-scale-crop/public/cc_uk/arc/2017/04/10/b944cfa5-a81b-4b86-b9dd-461a5b52a7ba.png?itok=6xIFaM6t"
                    },
                    {
                        "pattern" : "<h3 class=\"media-heading\"><a href=\"{%}\">{%}</a>",
                        "name" : "{%2}",
                        "url" : "https://www.comedy.co.uk/{%1}",
                        "poster" : "http://www.comedycentral.co.uk/sites/default/files/styles/image-w-1200-h-600-scale-crop/public/cc_uk/arc/2017/04/10/b944cfa5-a81b-4b86-b9dd-461a5b52a7ba.png?itok=6xIFaM6t",
                        "fanart" : "http://www.comedycentral.co.uk/sites/default/files/styles/image-w-1200-h-600-scale-crop/public/cc_uk/arc/2017/04/10/b944cfa5-a81b-4b86-b9dd-461a5b52a7ba.png?itok=6xIFaM6t"
                    }
                ]
            }
        },
        {
            "name" : "Dust",
            "folder": "SciFi/Horror",
            "poster" : "https://yt3.ggpht.com/a-/AK162_4GR9kZvT7T4HGKzUNUgAA_vxmUDMKdEBa9rQ=s900-mo-c-c0xffffffff-rj-k-no",
            "fanart" : "http://watchdust.com/wp-content/uploads/2017/04/Dust_Header_image.png",
            "items" : {
                "Latest": [
                    {
                        "site_url" : "http://watchdust.com/video/",
                        "pattern" : "<article class={*}portfolio-category-video{*}src=\"{%}\"{*}<h4{*}>{%}</h4>{*}href=\"{%}\"{*}</article>",
                        "name" : "{%2}",
                        "url" : "{%3}",
                        "poster" : "{%1}",
                        "fanart" : "{%1}"
                    }
                ]
            }
        },
        {
            "name" : "Daniel Johnson Films",
            "folder" : "Comedy", 
            "poster" : "https://www.danieljohnsonfilms.co.uk/wp-content/uploads/2014/04/DanWEB_9607.jpg",
            "fanart" : "https://www.danieljohnsonfilms.co.uk/wp-content/uploads/2017/03/image4.jpg",
            "items" : {
                "Short Films": [
                    {
                        "site_url" : "https://www.danieljohnsonfilms.co.uk/films/",
                        "pattern" : "<div class=\"col-md-6\"{*}src=\"{%}embed{%}?{*}\"{*}<h2>{%}</h2>{*}<p>{%}</p>{*}</div>",
                        "name" : "{%3}",
                        "url" : "{%1}embed{%2}",
                        "poster" : "https://img.youtube.com/vi{%2}/maxresdefault.jpg",
                        "fanart" : "https://img.youtube.com/vi{%2}/maxresdefault.jpg",
                        "plot" : "{%4}"
                    }
                ],
                "Sally the Life Coach" : [
                    {
                        "site_url" : "http://sallythelifecoach.com/?s=episode&feed=rss2&post_type=post",
                        "pattern" : "<item>{*}<title>{%}</title>{*}<link>{%}</link>{*}episode-{%}/{*}<p>{%}</p>{*}</item>",
                        "name" : "{%1}",
                        "url" : "{%2}",
                        "poster" : "http://sallythelifecoach.com/wp-content/uploads/2014/02/{%3}.png",
                        "fanart" : "http://sallythelifecoach.com/wp-content/uploads/2014/02/{%3}.png",
                        "plot" : "{%4}"
                    }
                ]
            }
        },
		{
			"name": "80s Horror",
			"folder": "SciFi/Horror",
			"poster": "https://data.parkbench.com/content/data/events/7/c/a/1/5/NjAweDYwMA--_7ca152f5da23d2ffa6fa73be42b4e430.jpg",
			"fanart": "https://static.squarespace.com/static/541648fde4b0f910e312cd76/t/543055c8e4b034a361abd8d7/1412453832158/1402120_167680920097801_1454747034_o.jpg",
			"items": {
				"1980 Horror Movies": [
                    {
                        "site_url": "http://www.80shorror.net/1980/",
                        "pattern": "<tr{*}href=\"{%}\"{*}<b {*}>{%}</b>{*}src=\"{%}\"{*}</tr>",
                        "name": "{%2}",
                        "url": "http://www.80shorror.net{%1}",
                        "poster": "{%3}",
                        "fanart": "https://static.squarespace.com/static/541648fde4b0f910e312cd76/t/543055c8e4b034a361abd8d7/1412453832158/1402120_167680920097801_1454747034_o.jpg",
                        "plot": ""
                    }
				],
                "1981 Horror Movies": [
                    {
                        "site_url": "http://www.80shorror.net/1981/",
                        "pattern": "<tr{*}href=\"{%}\"{*}>{%}</a>{*}src=\"{%}\"{*}</tr>",
                        "name": "{%2}",
                        "url": "http://www.80shorror.net{%1}",
                        "poster": "{%3}",
                        "fanart": "https://static.squarespace.com/static/541648fde4b0f910e312cd76/t/543055c8e4b034a361abd8d7/1412453832158/1402120_167680920097801_1454747034_o.jpg",
                        "plot": ""
                    }
				],
                "1982 Horror Movies": [
                    {
                        "site_url": "http://www.80shorror.net/1982/",
                        "pattern": "<tr{*}href=\"{%}\"{*}>{%}</a>{*}src=\"{%}\"{*}</tr>",
                        "name": "{%2}",
                        "url": "http://www.80shorror.net{%1}",
                        "poster": "{%3}",
                        "fanart": "https://static.squarespace.com/static/541648fde4b0f910e312cd76/t/543055c8e4b034a361abd8d7/1412453832158/1402120_167680920097801_1454747034_o.jpg",
                        "plot": ""
                    }
				],
                "1983 Horror Movies": [
                    {
                        "site_url": "http://www.80shorror.net/1983/",
                        "pattern": "<tr{*}href=\"{%}\"{*}>{%}</a>{*}src=\"{%}\"{*}</tr>",
                        "name": "{%2}",
                        "url": "http://www.80shorror.net{%1}",
                        "poster": "{%3}",
                        "fanart": "https://static.squarespace.com/static/541648fde4b0f910e312cd76/t/543055c8e4b034a361abd8d7/1412453832158/1402120_167680920097801_1454747034_o.jpg",
                        "plot": ""
                    }
				],
                "1984 Horror Movies": [
                    {
                        "site_url": "http://www.80shorror.net/1984/",
                        "pattern": "<tr{*}href=\"{%}\"{*}>{%}</a>{*}src=\"{%}\"{*}</tr>",
                        "name": "{%2}",
                        "url": "http://www.80shorror.net{%1}",
                        "poster": "{%3}",
                        "fanart": "https://static.squarespace.com/static/541648fde4b0f910e312cd76/t/543055c8e4b034a361abd8d7/1412453832158/1402120_167680920097801_1454747034_o.jpg",
                        "plot": ""
                    }
				],
                "1985 Horror Movies": [
                    {
                        "site_url": "http://www.80shorror.net/1985/",
                        "pattern": "<tr{*}href=\"{%}\"{*}>{%}</a>{*}src=\"{%}\"{*}</tr>",
                        "name": "{%2}",
                        "url": "http://www.80shorror.net{%1}",
                        "poster": "{%3}",
                        "fanart": "https://static.squarespace.com/static/541648fde4b0f910e312cd76/t/543055c8e4b034a361abd8d7/1412453832158/1402120_167680920097801_1454747034_o.jpg",
                        "plot": ""
                    }
				],
                "1986 Horror Movies": [
                    {
                        "site_url": "http://www.80shorror.net/1986/",
                        "pattern": "<tr{*}href=\"{%}\"{*}>{%}</a>{*}src=\"{%}\"{*}</tr>",
                        "name": "{%2}",
                        "url": "http://www.80shorror.net{%1}",
                        "poster": "{%3}",
                        "fanart": "https://static.squarespace.com/static/541648fde4b0f910e312cd76/t/543055c8e4b034a361abd8d7/1412453832158/1402120_167680920097801_1454747034_o.jpg",
                        "plot": ""
                    }
				],
                "1987 Horror Movies": [
                    {
                        "site_url": "http://www.80shorror.net/1987/",
                        "global": "Full Film?{%}</table>",
                        "pattern": "<tr{*}href=\"{%}\"{*}>{%}</a>{*}src=\"{%}\"{*}</tr>",
                        "name": "{%2}",
                        "url": "http://www.80shorror.net{%1}",
                        "poster": "{%3}",
                        "fanart": "https://static.squarespace.com/static/541648fde4b0f910e312cd76/t/543055c8e4b034a361abd8d7/1412453832158/1402120_167680920097801_1454747034_o.jpg",
                        "plot": ""
                    }
				],
                "1988 Horror Movies": [
                    {
                        "site_url": "http://www.80shorror.net/1988/",
                        "global": "Full Film?{%}</table>",
                        "pattern": "<tr{*}href=\"{%}\"{*}>{%}</a>{*}src=\"{%}\"{*}</tr>",
                        "name": "{%2}",
                        "url": "http://www.80shorror.net{%1}",
                        "poster": "{%3}",
                        "fanart": "https://static.squarespace.com/static/541648fde4b0f910e312cd76/t/543055c8e4b034a361abd8d7/1412453832158/1402120_167680920097801_1454747034_o.jpg",
                        "plot": ""
                    }
				],
                "1989 Horror Movies": [
                    {
                        "site_url": "http://www.80shorror.net/1989/",
                        "global": "Full Film?{%}</table>",
                        "pattern": "<tr{*}href=\"{%}\"{*}>{%}</a>{*}src=\"{%}\"{*}</tr>",
                        "name": "{%2}",
                        "url": "http://www.80shorror.net{%1}",
                        "poster": "{%3}",
                        "fanart": "https://static.squarespace.com/static/541648fde4b0f910e312cd76/t/543055c8e4b034a361abd8d7/1412453832158/1402120_167680920097801_1454747034_o.jpg",
                        "plot": ""
                    }
				]
			}
		}
    ]
}