<?xml version="1.0" encoding="UTF-8" standalone="yes"?>
<addon id="script.realdebrid" name="RealDebrid" version="0.3" provider-name="ptom">
	<requires>
        <import addon="script.module.requests" version="2.3.0"/>
    </requires>
    <extension point="xbmc.python.pluginsource" library="default.py">
		<provides>executable</provides>
	</extension>
	<extension point="xbmc.python.module" library="lib" />
	<extension point="xbmc.addon.metadata">
		<description lang="en">Unofficial RealDebrid client. Manage your torrents, unrestricted links and view host statuses all within Kodi.
v0.3
- rewrote to allow code to be accessed by other addons</description>
		<summary lang="en">Unofficial RealDebrid client</summary>
        <website>http://www.ptom.co.uk</website>
		<platform>all</platform>
		<language>en</language>
		<email>ptom98@gmail.com</email>
	</extension>
</addon>
