<?xml version="1.0" encoding="UTF-8" standalone="yes"?>
<addon id="script.winwifi" name="Windows WiFi Manager" version="1.0.0" provider-name="ptom">
    <extension point="xbmc.python.pluginsource" library="default.py">
		<provides>executable</provides>
	</extension>
	<extension point="xbmc.addon.metadata">
		<description lang="en">Manage Wifi on Widndows via Kodi</description>
        <summary>Manage Wifi on Widndows via Kodi</summary>
        <website>http://www.ptom.co.uk</website>
		<platform>windx</platform>
		<language>en</language>
		<email>ptom98@gmail.com</email>
	</extension>
</addon>
