{
  "sites": [
    {
        "name": "Modern Toss",
        "poster": "https://is1-ssl.mzstatic.com/image/thumb/Purple60/v4/b3/e1/54/b3e15466-c9d0-d86e-ebba-ff199e6ac175/pr_source.png/500x0w.png",
        "fanart": "https://i.ytimg.com/vi/W48_LttIHk0/hqdefault.jpg",
        "items": {
          "Accident and Emergency": [
            {
              "site_url": "https://www.youtube.com/playlist?list=PLMO4ERHdpehBcAUfK045lqK8kE1GmUAwM",
              "group": "<table id=\"pl-video-table\" class=\"pl-video-table\">{%}</table>",
              "pattern": "data-title=\"{%}\"{*}<a href=\"{%}\"{*}data-thumb=\"{%}\"",
              "name": "{%1}",
              "url": "http://youtube.com{%2}",
              "poster": "{%3}",
              "fanart": "{%3}"
            }
          ],
          "Barney": [
            {
              "site_url": "https://www.youtube.com/playlist?list=PLMO4ERHdpehCOGR2mZMn-QJJ7RTcGOb_Y",
              "group": "<table id=\"pl-video-table\" class=\"pl-video-table\">{%}</table>",
              "pattern": "data-title=\"{%}\"{*}<a href=\"{%}\"{*}data-thumb=\"{%}\"",
              "name": "{%1}",
              "url": "http://youtube.com{%2}",
              "poster": "{%3}",
              "fanart": "{%3}"
            }
          ],
          "Cheese and Wine": [
            {
              "site_url": "https://www.youtube.com/playlist?list=PLMO4ERHdpehBeZbatWikb3T8QCkJoeFlk",
              "group": "<table id=\"pl-video-table\" class=\"pl-video-table\">{%}</table>",
              "pattern": "data-title=\"{%}\"{*}<a href=\"{%}\"{*}data-thumb=\"{%}\"",
              "name": "{%1}",
              "url": "http://youtube.com{%2}",
              "poster": "{%3}",
              "fanart": "{%3}"
            }
          ],
          "Citizens Advice": [
            {
              "site_url": "https://www.youtube.com/playlist?list=PLMO4ERHdpehBIEg68nyPv4CO3t8imicF1",
              "group": "<table id=\"pl-video-table\" class=\"pl-video-table\">{%}</table>",
              "pattern": "data-title=\"{%}\"{*}<a href=\"{%}\"{*}data-thumb=\"{%}\"",
              "name": "{%1}",
              "url": "http://youtube.com{%2}",
              "poster": "{%3}",
              "fanart": "{%3}"
            }
          ],
          "Complaint House": [
            {
              "site_url": "https://www.youtube.com/playlist?list=PLMO4ERHdpehA804Iiy6AKzbdF26IRd7cJ",
              "group": "<table id=\"pl-video-table\" class=\"pl-video-table\">{%}</table>",
              "pattern": "data-title=\"{%}\"{*}<a href=\"{%}\"{*}data-thumb=\"{%}\"",
              "name": "{%1}",
              "url": "http://youtube.com{%2}",
              "poster": "{%3}",
              "fanart": "{%3}"
            }
          ],
          "Customer Services": [
            {
              "site_url": "https://www.youtube.com/playlist?list=PLMO4ERHdpehBxoFImzy9sGGo8u2IfvtQZ",
              "group": "<table id=\"pl-video-table\" class=\"pl-video-table\">{%}</table>",
              "pattern": "data-title=\"{%}\"{*}<a href=\"{%}\"{*}data-thumb=\"{%}\"",
              "name": "{%1}",
              "url": "http://youtube.com{%2}",
              "poster": "{%3}",
              "fanart": "{%3}"
            }
          ],
          "Drive by Abuser": [
            {
              "site_url": "https://www.youtube.com/playlist?list=PLMO4ERHdpehBxQ0w_-7dZd7UhMYkd_sWo",
              "group": "<table id=\"pl-video-table\" class=\"pl-video-table\">{%}</table>",
              "pattern": "data-title=\"{%}\"{*}<a href=\"{%}\"{*}data-thumb=\"{%}\"",
              "name": "{%1}",
              "url": "http://youtube.com{%2}",
              "poster": "{%3}",
              "fanart": "{%3}"
            }
          ],
          "Favoruites": [
            {
              "site_url": "https://www.youtube.com/playlist?list=FLEv5FzdL0Xhk__0uf8nQ1gQ",
              "group": "<table id=\"pl-video-table\" class=\"pl-video-table\">{%}</table>",
              "pattern": "data-title=\"{%}\"{*}<a href=\"{%}\"{*}data-thumb=\"{%}\"",
              "name": "{%1}",
              "url": "http://youtube.com{%2}",
              "poster": "{%3}",
              "fanart": "{%3}"
            }
          ],
          "Fly Talk": [
            {
              "site_url": "https://www.youtube.com/playlist?list=PLMO4ERHdpehAiZTiRaYvBxFRimkGkXy5C",
              "group": "<table id=\"pl-video-table\" class=\"pl-video-table\">{%}</table>",
              "pattern": "data-title=\"{%}\"{*}<a href=\"{%}\"{*}data-thumb=\"{%}\"",
              "name": "{%1}",
              "url": "http://youtube.com{%2}",
              "poster": "{%3}",
              "fanart": "{%3}"
            }
          ],
          "Gnat Burgular": [
            {
              "site_url": "https://www.youtube.com/playlist?list=PLMO4ERHdpehDri_-rz4WCvNJCACBx7IyP",
              "group": "<table id=\"pl-video-table\" class=\"pl-video-table\">{%}</table>",
              "pattern": "data-title=\"{%}\"{*}<a href=\"{%}\"{*}data-thumb=\"{%}\"",
              "name": "{%1}",
              "url": "http://youtube.com{%2}",
              "poster": "{%3}",
              "fanart": "{%3}"
            }
          ],
          "The Hair Olympics": [
            {
              "site_url": "https://www.youtube.com/playlist?list=PLMO4ERHdpehCZPOrPXECTPGiw8pP71LrP",
              "group": "<table id=\"pl-video-table\" class=\"pl-video-table\">{%}</table>",
              "pattern": "data-title=\"{%}\"{*}<a href=\"{%}\"{*}data-thumb=\"{%}\"",
              "name": "{%1}",
              "url": "http://youtube.com{%2}",
              "poster": "{%3}",
              "fanart": "{%3}"
            }
          ],
          "Illegal Alphabat": [
            {
              "site_url": "https://www.youtube.com/playlist?list=PLMO4ERHdpehDnQlx2cS0q5LzkSNcvUPli",
              "group": "<table id=\"pl-video-table\" class=\"pl-video-table\">{%}</table>",
              "pattern": "data-title=\"{%}\"{*}<a href=\"{%}\"{*}data-thumb=\"{%}\"",
              "name": "{%1}",
              "url": "http://youtube.com{%2}",
              "poster": "{%3}",
              "fanart": "{%3}"
            }
          ],
          "I Live 'Ere": [
            {
              "site_url": "https://www.youtube.com/playlist?list=PLMO4ERHdpehAiLP6KIg0UzKqat1d2ynFv",
              "group": "<table id=\"pl-video-table\" class=\"pl-video-table\">{%}</table>",
              "pattern": "data-title=\"{%}\"{*}<a href=\"{%}\"{*}data-thumb=\"{%}\"",
              "name": "{%1}",
              "url": "http://youtube.com{%2}",
              "poster": "{%3}",
              "fanart": "{%3}"
            }
          ],
          "Mr Tourettes": [
            {
              "site_url": "https://www.youtube.com/playlist?list=PLMO4ERHdpehDmsCwYuV3Dc4_1RH1fv3C7",
              "group": "<table id=\"pl-video-table\" class=\"pl-video-table\">{%}</table>",
              "pattern": "data-title=\"{%}\"{*}<a href=\"{%}\"{*}data-thumb=\"{%}\"",
              "name": "{%1}",
              "url": "http://youtube.com{%2}",
              "poster": "{%3}",
              "fanart": "{%3}"
            }
          ],
          "Peace and Quiet": [
            {
              "site_url": "https://www.youtube.com/playlist?list=PLMO4ERHdpehCd8pvnLJU44FCaUl8fmEw5",
              "group": "<table id=\"pl-video-table\" class=\"pl-video-table\">{%}</table>",
              "pattern": "data-title=\"{%}\"{*}<a href=\"{%}\"{*}data-thumb=\"{%}\"",
              "name": "{%1}",
              "url": "http://youtube.com{%2}",
              "poster": "{%3}",
              "fanart": "{%3}"
            }
          ],
          "Sneezeman": [
            {
              "site_url": "https://www.youtube.com/playlist?list=PLMO4ERHdpehAX9PqvKudTDTen97g_bJ3d",
              "group": "<table id=\"pl-video-table\" class=\"pl-video-table\">{%}</table>",
              "pattern": "data-title=\"{%}\"{*}<a href=\"{%}\"{*}data-thumb=\"{%}\"",
              "name": "{%1}",
              "url": "http://youtube.com{%2}",
              "poster": "{%3}",
              "fanart": "{%3}"
            }
          ],
          "Space Argument": [
            {
              "site_url": "https://www.youtube.com/playlist?list=PLMO4ERHdpehBIEg68nyPv4CO3t8imicF1",
              "group": "<table id=\"pl-video-table\" class=\"pl-video-table\">{%}</table>",
              "pattern": "data-title=\"{%}\"{*}<a href=\"{%}\"{*}data-thumb=\"{%}\"",
              "name": "{%1}",
              "url": "http://youtube.com{%2}",
              "poster": "{%3}",
              "fanart": "{%3}"
            }
          ],
          "Work": [
            {
              "site_url": "https://www.youtube.com/playlist?list=PLMO4ERHdpehC0BKFAZqs4dg4u07pBTyig",
              "group": "<table id=\"pl-video-table\" class=\"pl-video-table\">{%}</table>",
              "pattern": "data-title=\"{%}\"{*}<a href=\"{%}\"{*}data-thumb=\"{%}\"",
              "name": "{%1}",
              "url": "http://youtube.com{%2}",
              "poster": "{%3}",
              "fanart": "{%3}"
            }
          ],
          "Work Experience": [
            {
              "site_url": "https://www.youtube.com/playlist?list=PLMO4ERHdpehA8CeANwAwNl_rvwOzjdCTl",
              "group": "<table id=\"pl-video-table\" class=\"pl-video-table\">{%}</table>",
              "pattern": "data-title=\"{%}\"{*}<a href=\"{%}\"{*}data-thumb=\"{%}\"",
              "name": "{%1}",
              "url": "http://youtube.com{%2}",
              "poster": "{%3}",
              "fanart": "{%3}"
            }
          ]
        }
    }
  ]
}