<?xml version="1.0" encoding="UTF-8" standalone="yes"?>
<addon id="plugin.video.audrey" name="Audrey" version="1.0.3" provider-name="ptom">
	<requires>
        <import addon="script.module.urlresolver" />
        <import addon="script.module.requests" />
        <import addon="plugin.video.youtube" />
    </requires>
    <extension point="xbmc.python.pluginsource" library="default.py">
		<provides>video</provides>
	</extension>
    <extension point="xbmc.python.module" library="lib" />
	<extension point="xbmc.addon.metadata">
		<summary lang="en">Scrape any site using JSON</summary>
        <website>http://www.ptom.co.uk</website>
		<platform>all</platform>
		<language>en</language>
		<email>ptom98@gmail.com</email>
	</extension>
</addon>
