<?xml version="1.0" encoding="UTF-8" standalone="yes"?>
<addon id="plugin.video.jpop" name="JPop" version="0.2" provider-name="ptom">
	<requires>
        <import addon="script.module.audrey" />
    </requires>
    <extension point="xbmc.python.pluginsource" library="default.py">
		<provides>video</provides>
	</extension>
    <extension point="xbmc.python.module" library="lib" />
	<extension point="xbmc.addon.metadata">
		<summary lang="en">JPop Videos on Kodi</summary>
        <website>http://www.ptom.co.uk</website>
		<platform>all</platform>
		<language>en</language>
		<email>ptom98@gmail.com</email>
	</extension>
</addon>
