<?xml version="1.0" encoding="UTF-8" standalone="yes"?>
<addon id="plugin.video.zeropunctuation" name="Zero Punctuation" version="1.0.2" provider-name="ptom">
	<requires>
		<import addon="script.module.audrey" />
	</requires>
	<extension point="xbmc.python.pluginsource" library="default.py">
		<provides>video</provides>
	</extension>
	<extension point="xbmc.addon.metadata">
		<summary lang="en">watch content from zero punctuation</summary>
		<description>Watch content from Zero Punctuation</description>
		<platform>all</platform>
		<language>en</language>
		<email>ptom98@gmail.com</email>
	</extension>
</addon>