{
  "sites": [
    {
      "name": "Zero Punctuation (API)",
      "poster": "https://static.giantbomb.com/uploads/original/11/118770/2401598-zero_punctuation.png",
      "fanart": "http://cnemacentre.com/wp-content/uploads/images/show-images/zero-punctuation-1.jpg",
      "items": {
        "Latest": [
          {
            "site_url": "https://www.googleapis.com/youtube/v3/playlistItems?part=snippet&maxResults=50&playlistId=PLAbMhAYRuCUhawCEV2oXZGrienoKTN16X&key=AIzaSyAvmQZVLSX7OwMunrU3LqMCQlVvweu7hI4",
            "pattern": "\"snippet\":{*}\"title\": \"{%}\"{*}\"description\": \"{%}\"{*}\"maxres\":{*}\"url\": \"{%}\"{*}\"videoId\": \"{%}\"",
            "name": "{%1}",
            "url": "https://www.youtube.com/watch?v={%4}",
            "plot": "{%2}",
            "poster": "{%3}",
            "fanart": "{%3}",
            "next_pattern": "\"nextPageToken\": \"{%}\",",
            "next_url": "https://www.googleapis.com/youtube/v3/playlistItems?part=snippet&maxResults=50&pageToken={%1}&playlistId=PLAbMhAYRuCUhawCEV2oXZGrienoKTN16X&key=AIzaSyAvmQZVLSX7OwMunrU3LqMCQlVvweu7hI4"
          }
        ]
      }
    }
  ]
}